Day Date,Week End Date,Center Name,Driver Work Center Hrs Qty,Deliv Stops Qty
12/31/2018,1/5/2019,Mountain 1,123.79,977
12/31/2018,1/5/2019,Mountain 2,106.93,946
12/31/2018,1/5/2019,Mountain 3,138.42,1277
1/1/2019,1/5/2019,Mountain 1,0.00,0
1/1/2019,1/5/2019,Mountain 2,0.00,0
1/1/2019,1/5/2019,Mountain 3,0.00,0
1/2/2019,1/5/2019,Mountain 1,287.69,2767
1/2/2019,1/5/2019,Mountain 2,201.27,2118
1/2/2019,1/5/2019,Mountain 3,309.46,3709
1/3/2019,1/5/2019,Mountain 1,302.88,2945
1/3/2019,1/5/2019,Mountain 2,217.36,2357
1/3/2019,1/5/2019,Mountain 3,334.06,4340
1/4/2019,1/5/2019,Mountain 1,300.13,2829
1/4/2019,1/5/2019,Mountain 2,207.07,2287
1/4/2019,1/5/2019,Mountain 3,302.50,4379
1/5/2019,1/5/2019,Mountain 1,30.84,79
1/5/2019,1/5/2019,Mountain 2,0.00,0
1/5/2019,1/5/2019,Mountain 3,13.84,55
1/6/2019,1/12/2019,Mountain 1,0.00,0
1/6/2019,1/12/2019,Mountain 2,0.00,0
1/6/2019,1/12/2019,Mountain 3,0.00,0
1/7/2019,1/12/2019,Mountain 1,344.51,3609
1/7/2019,1/12/2019,Mountain 2,243.65,3002
1/7/2019,1/12/2019,Mountain 3,367.06,5389
1/8/2019,1/12/2019,Mountain 1,285.15,2863
1/8/2019,1/12/2019,Mountain 2,218.83,2636
1/8/2019,1/12/2019,Mountain 3,287.50,3963
1/9/2019,1/12/2019,Mountain 1,279.11,2753
1/9/2019,1/12/2019,Mountain 2,198.14,2247
1/9/2019,1/12/2019,Mountain 3,290.49,4062
1/10/2019,1/12/2019,Mountain 1,265.97,2614
1/10/2019,1/12/2019,Mountain 2,191.62,2219
1/10/2019,1/12/2019,Mountain 3,272.36,3815
1/11/2019,1/12/2019,Mountain 1,259.45,2420
1/11/2019,1/12/2019,Mountain 2,180.35,2000
1/11/2019,1/12/2019,Mountain 3,258.40,3425
1/12/2019,1/12/2019,Mountain 1,36.61,59
1/12/2019,1/12/2019,Mountain 2,0.00,0
1/12/2019,1/12/2019,Mountain 3,13.78,45
1/13/2019,1/19/2019,Mountain 1,0.00,0
1/13/2019,1/19/2019,Mountain 2,0.00,0
1/13/2019,1/19/2019,Mountain 3,0.00,0
1/14/2019,1/19/2019,Mountain 1,244.95,2301
1/14/2019,1/19/2019,Mountain 2,187.85,1920
1/14/2019,1/19/2019,Mountain 3,246.53,3292
1/15/2019,1/19/2019,Mountain 1,249.05,2410
1/15/2019,1/19/2019,Mountain 2,168.37,1937
1/15/2019,1/19/2019,Mountain 3,245.89,3159
1/16/2019,1/19/2019,Mountain 1,246.80,2306
1/16/2019,1/19/2019,Mountain 2,177.49,1896
1/16/2019,1/19/2019,Mountain 3,265.96,3432
1/17/2019,1/19/2019,Mountain 1,253.64,2453
1/17/2019,1/19/2019,Mountain 2,169.15,1933
1/17/2019,1/19/2019,Mountain 3,262.49,3651
1/18/2019,1/19/2019,Mountain 1,259.81,2286
1/18/2019,1/19/2019,Mountain 2,180.15,1832
1/18/2019,1/19/2019,Mountain 3,242.24,3098
1/19/2019,1/19/2019,Mountain 1,33.11,75
1/19/2019,1/19/2019,Mountain 2,0.00,0
1/19/2019,1/19/2019,Mountain 3,16.80,61
1/20/2019,1/26/2019,Mountain 1,0.00,0
1/20/2019,1/26/2019,Mountain 2,0.00,0
1/20/2019,1/26/2019,Mountain 3,0.00,0
1/21/2019,1/26/2019,Mountain 1,238.24,2186
1/21/2019,1/26/2019,Mountain 2,167.28,1801
1/21/2019,1/26/2019,Mountain 3,265.28,3327
1/22/2019,1/26/2019,Mountain 1,269.80,2397
1/22/2019,1/26/2019,Mountain 2,157.91,1839
1/22/2019,1/26/2019,Mountain 3,255.20,3207
1/23/2019,1/26/2019,Mountain 1,204.95,1817
1/23/2019,1/26/2019,Mountain 2,142.86,1620
1/23/2019,1/26/2019,Mountain 3,217.87,2814
1/24/2019,1/26/2019,Mountain 1,273.49,2521
1/24/2019,1/26/2019,Mountain 2,170.42,1940
1/24/2019,1/26/2019,Mountain 3,262.34,3367
1/25/2019,1/26/2019,Mountain 1,243.82,2187
1/25/2019,1/26/2019,Mountain 2,161.92,1916
1/25/2019,1/26/2019,Mountain 3,243.14,3192
1/26/2019,1/26/2019,Mountain 1,30.07,51
1/26/2019,1/26/2019,Mountain 2,0.00,0
1/26/2019,1/26/2019,Mountain 3,12.08,48
1/27/2019,2/2/2019,Mountain 1,0.00,0
1/27/2019,2/2/2019,Mountain 2,0.00,0
1/27/2019,2/2/2019,Mountain 3,0.00,0
1/28/2019,2/2/2019,Mountain 1,250.60,2219
1/28/2019,2/2/2019,Mountain 2,154.27,1786
1/28/2019,2/2/2019,Mountain 3,240.70,3112
1/29/2019,2/2/2019,Mountain 1,239.67,2311
1/29/2019,2/2/2019,Mountain 2,148.10,1802
1/29/2019,2/2/2019,Mountain 3,209.95,2749
1/30/2019,2/2/2019,Mountain 1,234.49,2162
1/30/2019,2/2/2019,Mountain 2,145.54,1788
1/30/2019,2/2/2019,Mountain 3,236.23,3171
1/31/2019,2/2/2019,Mountain 1,212.53,1991
1/31/2019,2/2/2019,Mountain 2,139.85,1689
1/31/2019,2/2/2019,Mountain 3,213.99,2861
2/1/2019,2/2/2019,Mountain 1,231.00,2096
2/1/2019,2/2/2019,Mountain 2,154.17,1784
2/1/2019,2/2/2019,Mountain 3,241.30,3031
2/2/2019,2/2/2019,Mountain 1,32.12,60
2/2/2019,2/2/2019,Mountain 2,0.00,0
2/2/2019,2/2/2019,Mountain 3,12.77,67
2/3/2019,2/9/2019,Mountain 1,0.00,0
2/3/2019,2/9/2019,Mountain 2,0.00,0
2/3/2019,2/9/2019,Mountain 3,0.00,0
2/4/2019,2/9/2019,Mountain 1,234.11,2220
2/4/2019,2/9/2019,Mountain 2,156.17,1890
2/4/2019,2/9/2019,Mountain 3,243.30,3337
2/5/2019,2/9/2019,Mountain 1,245.03,2376
2/5/2019,2/9/2019,Mountain 2,145.68,1681
2/5/2019,2/9/2019,Mountain 3,221.04,2971
2/6/2019,2/9/2019,Mountain 1,246.48,2303
2/6/2019,2/9/2019,Mountain 2,172.26,2006
2/6/2019,2/9/2019,Mountain 3,243.19,3261
2/7/2019,2/9/2019,Mountain 1,235.93,2136
2/7/2019,2/9/2019,Mountain 2,169.79,1831
2/7/2019,2/9/2019,Mountain 3,230.31,3153
2/8/2019,2/9/2019,Mountain 1,233.50,2133
2/8/2019,2/9/2019,Mountain 2,159.36,1661
2/8/2019,2/9/2019,Mountain 3,227.05,3120
2/9/2019,2/9/2019,Mountain 1,32.70,69
2/9/2019,2/9/2019,Mountain 2,0.00,0
2/9/2019,2/9/2019,Mountain 3,15.84,69
2/10/2019,2/16/2019,Mountain 1,0.00,0
2/10/2019,2/16/2019,Mountain 2,0.00,0
2/10/2019,2/16/2019,Mountain 3,0.00,0
2/11/2019,2/16/2019,Mountain 1,248.59,2358
2/11/2019,2/16/2019,Mountain 2,162.67,1951
2/11/2019,2/16/2019,Mountain 3,239.61,3343
2/12/2019,2/16/2019,Mountain 1,237.49,2339
2/12/2019,2/16/2019,Mountain 2,156.62,1853
2/12/2019,2/16/2019,Mountain 3,219.25,3004
2/13/2019,2/16/2019,Mountain 1,254.31,2481
2/13/2019,2/16/2019,Mountain 2,171.51,2090
2/13/2019,2/16/2019,Mountain 3,258.73,3615
2/14/2019,2/16/2019,Mountain 1,242.20,2275
2/14/2019,2/16/2019,Mountain 2,169.58,1809
2/14/2019,2/16/2019,Mountain 3,242.65,3389
2/15/2019,2/16/2019,Mountain 1,252.03,2221
2/15/2019,2/16/2019,Mountain 2,159.58,1806
2/15/2019,2/16/2019,Mountain 3,221.78,3140
2/16/2019,2/16/2019,Mountain 1,40.13,79
2/16/2019,2/16/2019,Mountain 2,0.00,0
2/16/2019,2/16/2019,Mountain 3,17.79,58
2/17/2019,2/23/2019,Mountain 1,0.00,0
2/17/2019,2/23/2019,Mountain 2,0.00,0
2/17/2019,2/23/2019,Mountain 3,0.00,0
2/18/2019,2/23/2019,Mountain 1,225.06,2114
2/18/2019,2/23/2019,Mountain 2,145.26,1702
2/18/2019,2/23/2019,Mountain 3,215.59,3002
2/19/2019,2/23/2019,Mountain 1,251.66,2388
2/19/2019,2/23/2019,Mountain 2,161.77,1929
2/19/2019,2/23/2019,Mountain 3,223.55,3094
2/20/2019,2/23/2019,Mountain 1,236.64,2356
2/20/2019,2/23/2019,Mountain 2,148.99,1979
2/20/2019,2/23/2019,Mountain 3,237.93,3449
2/21/2019,2/23/2019,Mountain 1,222.89,2113
2/21/2019,2/23/2019,Mountain 2,147.21,1862
2/21/2019,2/23/2019,Mountain 3,222.90,3221
2/22/2019,2/23/2019,Mountain 1,225.23,2047
2/22/2019,2/23/2019,Mountain 2,140.41,1726
2/22/2019,2/23/2019,Mountain 3,221.70,3017
2/23/2019,2/23/2019,Mountain 1,28.09,58
2/23/2019,2/23/2019,Mountain 2,0.00,0
2/23/2019,2/23/2019,Mountain 3,15.44,59
2/24/2019,3/2/2019,Mountain 1,0.00,0
2/24/2019,3/2/2019,Mountain 2,0.00,0
2/24/2019,3/2/2019,Mountain 3,0.00,0
2/25/2019,3/2/2019,Mountain 1,240.31,2291
2/25/2019,3/2/2019,Mountain 2,139.89,1793
2/25/2019,3/2/2019,Mountain 3,233.95,3419
2/26/2019,3/2/2019,Mountain 1,238.97,2330
2/26/2019,3/2/2019,Mountain 2,149.16,1793
2/26/2019,3/2/2019,Mountain 3,224.93,3127
2/27/2019,3/2/2019,Mountain 1,237.65,2244
2/27/2019,3/2/2019,Mountain 2,146.84,1906
2/27/2019,3/2/2019,Mountain 3,242.23,3499
2/28/2019,3/2/2019,Mountain 1,231.54,2183
2/28/2019,3/2/2019,Mountain 2,145.82,1743
2/28/2019,3/2/2019,Mountain 3,228.42,3328
3/1/2019,3/2/2019,Mountain 1,232.47,2087
3/1/2019,3/2/2019,Mountain 2,127.24,1525
3/1/2019,3/2/2019,Mountain 3,218.94,3118
3/2/2019,3/2/2019,Mountain 1,31.24,69
3/2/2019,3/2/2019,Mountain 2,0.00,0
3/2/2019,3/2/2019,Mountain 3,16.33,52
3/3/2019,3/9/2019,Mountain 1,0.00,0
3/3/2019,3/9/2019,Mountain 2,0.00,0
3/3/2019,3/9/2019,Mountain 3,0.00,0
3/4/2019,3/9/2019,Mountain 1,233.62,2091
3/4/2019,3/9/2019,Mountain 2,149.63,1782
3/4/2019,3/9/2019,Mountain 3,236.83,3291
3/5/2019,3/9/2019,Mountain 1,241.30,2152
3/5/2019,3/9/2019,Mountain 2,141.00,1749
3/5/2019,3/9/2019,Mountain 3,231.26,3117
3/6/2019,3/9/2019,Mountain 1,250.44,2326
3/6/2019,3/9/2019,Mountain 2,155.07,1830
3/6/2019,3/9/2019,Mountain 3,238.97,3349
3/7/2019,3/9/2019,Mountain 1,209.76,1748
3/7/2019,3/9/2019,Mountain 2,51.19,353
3/7/2019,3/9/2019,Mountain 3,198.34,2691
3/8/2019,3/9/2019,Mountain 1,267.97,2485
3/8/2019,3/9/2019,Mountain 2,198.22,2076
3/8/2019,3/9/2019,Mountain 3,252.11,3847
3/9/2019,3/9/2019,Mountain 1,29.27,81
3/9/2019,3/9/2019,Mountain 2,0.00,0
3/9/2019,3/9/2019,Mountain 3,9.13,40
3/10/2019,3/16/2019,Mountain 1,0.00,0
3/10/2019,3/16/2019,Mountain 2,0.00,0
3/10/2019,3/16/2019,Mountain 3,0.00,0
3/11/2019,3/16/2019,Mountain 1,245.46,2177
3/11/2019,3/16/2019,Mountain 2,198.33,2227
3/11/2019,3/16/2019,Mountain 3,254.99,3649
3/12/2019,3/16/2019,Mountain 1,250.78,2331
3/12/2019,3/16/2019,Mountain 2,147.78,1724
3/12/2019,3/16/2019,Mountain 3,217.66,3050
3/13/2019,3/16/2019,Mountain 1,204.38,1466
3/13/2019,3/16/2019,Mountain 2,160.31,1988
3/13/2019,3/16/2019,Mountain 3,220.31,3116
3/14/2019,3/16/2019,Mountain 1,195.85,1535
3/14/2019,3/16/2019,Mountain 2,81.74,668
3/14/2019,3/16/2019,Mountain 3,122.49,1064
3/15/2019,3/16/2019,Mountain 1,266.22,2387
3/15/2019,3/16/2019,Mountain 2,151.08,1821
3/15/2019,3/16/2019,Mountain 3,257.81,3927
3/16/2019,3/16/2019,Mountain 1,35.31,107
3/16/2019,3/16/2019,Mountain 2,0.00,0
3/16/2019,3/16/2019,Mountain 3,15.34,75
3/17/2019,3/23/2019,Mountain 1,0.00,0
3/17/2019,3/23/2019,Mountain 2,0.00,0
3/17/2019,3/23/2019,Mountain 3,0.00,0
3/18/2019,3/23/2019,Mountain 1,264.63,2739
3/18/2019,3/23/2019,Mountain 2,171.63,2184
3/18/2019,3/23/2019,Mountain 3,286.33,4316
3/19/2019,3/23/2019,Mountain 1,260.48,2575
3/19/2019,3/23/2019,Mountain 2,165.07,1994
3/19/2019,3/23/2019,Mountain 3,241.05,3440
3/20/2019,3/23/2019,Mountain 1,242.87,2241
3/20/2019,3/23/2019,Mountain 2,137.16,1668
3/20/2019,3/23/2019,Mountain 3,226.26,3262
3/21/2019,3/23/2019,Mountain 1,220.73,2101
3/21/2019,3/23/2019,Mountain 2,147.49,1789
3/21/2019,3/23/2019,Mountain 3,223.35,3225
3/22/2019,3/23/2019,Mountain 1,230.82,2095
3/22/2019,3/23/2019,Mountain 2,137.75,1540
3/22/2019,3/23/2019,Mountain 3,225.55,3174
3/23/2019,3/23/2019,Mountain 1,31.95,71
3/23/2019,3/23/2019,Mountain 2,0.00,0
3/23/2019,3/23/2019,Mountain 3,16.13,76
3/24/2019,3/30/2019,Mountain 1,0.00,0
3/24/2019,3/30/2019,Mountain 2,0.00,0
3/24/2019,3/30/2019,Mountain 3,0.00,0
3/25/2019,3/30/2019,Mountain 1,234.64,2319
3/25/2019,3/30/2019,Mountain 2,155.03,1719
3/25/2019,3/30/2019,Mountain 3,229.65,3268
3/26/2019,3/30/2019,Mountain 1,257.24,2539
3/26/2019,3/30/2019,Mountain 2,152.55,1807
3/26/2019,3/30/2019,Mountain 3,225.82,3205
3/27/2019,3/30/2019,Mountain 1,225.39,2172
3/27/2019,3/30/2019,Mountain 2,131.86,1561
3/27/2019,3/30/2019,Mountain 3,211.16,3062
3/28/2019,3/30/2019,Mountain 1,222.73,2066
3/28/2019,3/30/2019,Mountain 2,141.77,1642
3/28/2019,3/30/2019,Mountain 3,217.07,3192
3/29/2019,3/30/2019,Mountain 1,222.91,2141
3/29/2019,3/30/2019,Mountain 2,149.63,1698
3/29/2019,3/30/2019,Mountain 3,225.01,3192
3/30/2019,3/30/2019,Mountain 1,29.05,77
3/30/2019,3/30/2019,Mountain 2,0.00,0
3/30/2019,3/30/2019,Mountain 3,16.83,57
3/31/2019,4/6/2019,Mountain 1,0.00,0
3/31/2019,4/6/2019,Mountain 2,0.00,0
3/31/2019,4/6/2019,Mountain 3,0.00,0
4/1/2019,4/6/2019,Mountain 1,228.87,2260
4/1/2019,4/6/2019,Mountain 2,144.36,1723
4/1/2019,4/6/2019,Mountain 3,226.84,3183
4/2/2019,4/6/2019,Mountain 1,248.98,2297
4/2/2019,4/6/2019,Mountain 2,141.78,1756
4/2/2019,4/6/2019,Mountain 3,233.38,3286
4/3/2019,4/6/2019,Mountain 1,225.22,2213
4/3/2019,4/6/2019,Mountain 2,139.36,1811
4/3/2019,4/6/2019,Mountain 3,247.26,3658
4/4/2019,4/6/2019,Mountain 1,239.94,2272
4/4/2019,4/6/2019,Mountain 2,141.22,1844
4/4/2019,4/6/2019,Mountain 3,245.03,3632
4/5/2019,4/6/2019,Mountain 1,219.54,2074
4/5/2019,4/6/2019,Mountain 2,136.61,1783
4/5/2019,4/6/2019,Mountain 3,237.31,3410
4/6/2019,4/6/2019,Mountain 1,27.25,85
4/6/2019,4/6/2019,Mountain 2,0.00,0
4/6/2019,4/6/2019,Mountain 3,15.84,62
4/7/2019,4/13/2019,Mountain 1,0.00,0
4/7/2019,4/13/2019,Mountain 2,0.00,0
4/7/2019,4/13/2019,Mountain 3,0.00,0
4/8/2019,4/13/2019,Mountain 1,236.63,2272
4/8/2019,4/13/2019,Mountain 2,138.10,1699
4/8/2019,4/13/2019,Mountain 3,219.72,3152
4/9/2019,4/13/2019,Mountain 1,228.77,2157
4/9/2019,4/13/2019,Mountain 2,133.68,1690
4/9/2019,4/13/2019,Mountain 3,229.53,3190
4/10/2019,4/13/2019,Mountain 1,239.17,2271
4/10/2019,4/13/2019,Mountain 2,144.55,1865
4/10/2019,4/13/2019,Mountain 3,245.39,3576
4/11/2019,4/13/2019,Mountain 1,214.08,1965
4/11/2019,4/13/2019,Mountain 2,131.75,1623
4/11/2019,4/13/2019,Mountain 3,240.79,3336
4/12/2019,4/13/2019,Mountain 1,244.63,2313
4/12/2019,4/13/2019,Mountain 2,132.17,1769
4/12/2019,4/13/2019,Mountain 3,295.67,4210
4/13/2019,4/13/2019,Mountain 1,36.94,100
4/13/2019,4/13/2019,Mountain 2,0.00,0
4/13/2019,4/13/2019,Mountain 3,19.82,96
4/14/2019,4/20/2019,Mountain 1,0.00,0
4/14/2019,4/20/2019,Mountain 2,0.00,0
4/14/2019,4/20/2019,Mountain 3,0.00,0
4/15/2019,4/20/2019,Mountain 1,232.41,2182
4/15/2019,4/20/2019,Mountain 2,153.14,1779
4/15/2019,4/20/2019,Mountain 3,247.33,3498
4/16/2019,4/20/2019,Mountain 1,223.64,2128
4/16/2019,4/20/2019,Mountain 2,127.44,1648
4/16/2019,4/20/2019,Mountain 3,233.47,3287
4/17/2019,4/20/2019,Mountain 1,225.29,2193
4/17/2019,4/20/2019,Mountain 2,137.70,1880
4/17/2019,4/20/2019,Mountain 3,244.40,3616
4/18/2019,4/20/2019,Mountain 1,234.91,2295
4/18/2019,4/20/2019,Mountain 2,144.76,1867
4/18/2019,4/20/2019,Mountain 3,247.10,3607
4/19/2019,4/20/2019,Mountain 1,192.87,1763
4/19/2019,4/20/2019,Mountain 2,115.84,1483
4/19/2019,4/20/2019,Mountain 3,212.26,3067
4/20/2019,4/20/2019,Mountain 1,25.42,66
4/20/2019,4/20/2019,Mountain 2,0.00,0
4/20/2019,4/20/2019,Mountain 3,17.15,63
4/21/2019,4/27/2019,Mountain 1,0.00,0
4/21/2019,4/27/2019,Mountain 2,0.00,0
4/21/2019,4/27/2019,Mountain 3,0.00,0
4/22/2019,4/27/2019,Mountain 1,233.62,2272
4/22/2019,4/27/2019,Mountain 2,138.12,1776
4/22/2019,4/27/2019,Mountain 3,242.24,3455
4/23/2019,4/27/2019,Mountain 1,212.97,2041
4/23/2019,4/27/2019,Mountain 2,119.81,1589
4/23/2019,4/27/2019,Mountain 3,215.52,3012
4/24/2019,4/27/2019,Mountain 1,221.02,2131
4/24/2019,4/27/2019,Mountain 2,128.19,1661
4/24/2019,4/27/2019,Mountain 3,228.87,3252
4/25/2019,4/27/2019,Mountain 1,218.90,2116
4/25/2019,4/27/2019,Mountain 2,134.65,1735
4/25/2019,4/27/2019,Mountain 3,232.10,3303
4/26/2019,4/27/2019,Mountain 1,208.00,2056
4/26/2019,4/27/2019,Mountain 2,124.26,1517
4/26/2019,4/27/2019,Mountain 3,218.73,3129
4/27/2019,4/27/2019,Mountain 1,16.88,58
4/27/2019,4/27/2019,Mountain 2,0.00,0
4/27/2019,4/27/2019,Mountain 3,13.50,47
4/28/2019,5/4/2019,Mountain 1,0.00,0
4/28/2019,5/4/2019,Mountain 2,0.00,0
4/28/2019,5/4/2019,Mountain 3,0.00,0
4/29/2019,5/4/2019,Mountain 1,221.41,2083
4/29/2019,5/4/2019,Mountain 2,123.58,1530
4/29/2019,5/4/2019,Mountain 3,228.35,3113
4/30/2019,5/4/2019,Mountain 1,221.56,2105
4/30/2019,5/4/2019,Mountain 2,119.93,1576
4/30/2019,5/4/2019,Mountain 3,227.04,3184
5/1/2019,5/4/2019,Mountain 1,232.06,2213
5/1/2019,5/4/2019,Mountain 2,129.39,1663
5/1/2019,5/4/2019,Mountain 3,238.28,3295
5/2/2019,5/4/2019,Mountain 1,236.78,2280
5/2/2019,5/4/2019,Mountain 2,137.93,1780
5/2/2019,5/4/2019,Mountain 3,236.21,3481
5/3/2019,5/4/2019,Mountain 1,223.38,2106
5/3/2019,5/4/2019,Mountain 2,137.96,1725
5/3/2019,5/4/2019,Mountain 3,238.69,3499
5/4/2019,5/4/2019,Mountain 1,20.96,53
5/4/2019,5/4/2019,Mountain 2,0.00,0
5/4/2019,5/4/2019,Mountain 3,15.43,53
5/5/2019,5/11/2019,Mountain 1,0.00,0
5/5/2019,5/11/2019,Mountain 2,0.00,0
5/5/2019,5/11/2019,Mountain 3,0.00,0
5/6/2019,5/11/2019,Mountain 1,233.31,2173
5/6/2019,5/11/2019,Mountain 2,140.74,1681
5/6/2019,5/11/2019,Mountain 3,237.93,3463
5/7/2019,5/11/2019,Mountain 1,228.11,2061
5/7/2019,5/11/2019,Mountain 2,123.47,1547
5/7/2019,5/11/2019,Mountain 3,221.98,3124
5/8/2019,5/11/2019,Mountain 1,234.40,2261
5/8/2019,5/11/2019,Mountain 2,137.60,1826
5/8/2019,5/11/2019,Mountain 3,259.73,3808
5/9/2019,5/11/2019,Mountain 1,237.87,2184
5/9/2019,5/11/2019,Mountain 2,142.41,1836
5/9/2019,5/11/2019,Mountain 3,273.47,3815
5/10/2019,5/11/2019,Mountain 1,238.61,2222
5/10/2019,5/11/2019,Mountain 2,135.38,1782
5/10/2019,5/11/2019,Mountain 3,259.21,3789
5/11/2019,5/11/2019,Mountain 1,28.02,106
5/11/2019,5/11/2019,Mountain 2,0.00,0
5/11/2019,5/11/2019,Mountain 3,19.62,120
5/12/2019,5/18/2019,Mountain 1,0.00,0
5/12/2019,5/18/2019,Mountain 2,0.00,0
5/12/2019,5/18/2019,Mountain 3,0.00,0
5/13/2019,5/18/2019,Mountain 1,234.70,2151
5/13/2019,5/18/2019,Mountain 2,131.05,1674
5/13/2019,5/18/2019,Mountain 3,245.68,3347
5/14/2019,5/18/2019,Mountain 1,223.53,2152
5/14/2019,5/18/2019,Mountain 2,119.00,1574
5/14/2019,5/18/2019,Mountain 3,214.17,3061
5/15/2019,5/18/2019,Mountain 1,224.84,2145
5/15/2019,5/18/2019,Mountain 2,125.37,1725
5/15/2019,5/18/2019,Mountain 3,247.97,3508
5/16/2019,5/18/2019,Mountain 1,235.98,2264
5/16/2019,5/18/2019,Mountain 2,126.85,1711
5/16/2019,5/18/2019,Mountain 3,242.89,3591
5/17/2019,5/18/2019,Mountain 1,229.08,2157
5/17/2019,5/18/2019,Mountain 2,128.88,1639
5/17/2019,5/18/2019,Mountain 3,228.13,3365
5/18/2019,5/18/2019,Mountain 1,27.38,83
5/18/2019,5/18/2019,Mountain 2,0.00,0
5/18/2019,5/18/2019,Mountain 3,20.17,69
5/19/2019,5/25/2019,Mountain 1,0.00,0
5/19/2019,5/25/2019,Mountain 2,0.00,0
5/19/2019,5/25/2019,Mountain 3,0.00,0
5/20/2019,5/25/2019,Mountain 1,232.02,2098
5/20/2019,5/25/2019,Mountain 2,134.63,1662
5/20/2019,5/25/2019,Mountain 3,226.08,3243
5/21/2019,5/25/2019,Mountain 1,218.50,2196
5/21/2019,5/25/2019,Mountain 2,136.26,1671
5/21/2019,5/25/2019,Mountain 3,164.38,1969
5/22/2019,5/25/2019,Mountain 1,246.71,2329
5/22/2019,5/25/2019,Mountain 2,142.00,1791
5/22/2019,5/25/2019,Mountain 3,296.92,4495
5/23/2019,5/25/2019,Mountain 1,244.19,2295
5/23/2019,5/25/2019,Mountain 2,142.95,1886
5/23/2019,5/25/2019,Mountain 3,254.30,3827
5/24/2019,5/25/2019,Mountain 1,234.96,2218
5/24/2019,5/25/2019,Mountain 2,134.78,1656
5/24/2019,5/25/2019,Mountain 3,250.59,3584
5/25/2019,5/25/2019,Mountain 1,22.36,51
5/25/2019,5/25/2019,Mountain 2,0.00,0
5/25/2019,5/25/2019,Mountain 3,15.34,56
5/26/2019,6/1/2019,Mountain 1,0.00,0
5/26/2019,6/1/2019,Mountain 2,0.00,0
5/26/2019,6/1/2019,Mountain 3,0.00,0
5/27/2019,6/1/2019,Mountain 1,0.00,0
5/27/2019,6/1/2019,Mountain 2,0.00,0
5/27/2019,6/1/2019,Mountain 3,0.00,0
5/28/2019,6/1/2019,Mountain 1,218.68,2055
5/28/2019,6/1/2019,Mountain 2,129.12,1596
5/28/2019,6/1/2019,Mountain 3,233.88,3156
5/29/2019,6/1/2019,Mountain 1,255.32,2532
5/29/2019,6/1/2019,Mountain 2,140.50,1898
5/29/2019,6/1/2019,Mountain 3,249.98,3505
5/30/2019,6/1/2019,Mountain 1,249.69,2404
5/30/2019,6/1/2019,Mountain 2,147.88,1914
5/30/2019,6/1/2019,Mountain 3,268.74,3926
5/31/2019,6/1/2019,Mountain 1,274.13,2793
5/31/2019,6/1/2019,Mountain 2,163.51,2178
5/31/2019,6/1/2019,Mountain 3,305.86,4514
6/1/2019,6/1/2019,Mountain 1,29.32,95
6/1/2019,6/1/2019,Mountain 2,0.00,0
6/1/2019,6/1/2019,Mountain 3,17.42,52
6/2/2019,6/8/2019,Mountain 1,0.00,0
6/2/2019,6/8/2019,Mountain 2,0.00,0
6/2/2019,6/8/2019,Mountain 3,0.00,0
6/3/2019,6/8/2019,Mountain 1,254.59,2405
6/3/2019,6/8/2019,Mountain 2,169.79,2030
6/3/2019,6/8/2019,Mountain 3,268.94,3653
6/4/2019,6/8/2019,Mountain 1,238.13,2393
6/4/2019,6/8/2019,Mountain 2,132.84,1703
6/4/2019,6/8/2019,Mountain 3,266.06,3673
6/5/2019,6/8/2019,Mountain 1,254.56,2532
6/5/2019,6/8/2019,Mountain 2,153.56,1966
6/5/2019,6/8/2019,Mountain 3,288.77,3940
6/6/2019,6/8/2019,Mountain 1,255.37,2481
6/6/2019,6/8/2019,Mountain 2,154.69,2040
6/6/2019,6/8/2019,Mountain 3,279.61,4067
6/7/2019,6/8/2019,Mountain 1,256.74,2432
6/7/2019,6/8/2019,Mountain 2,156.06,1886
6/7/2019,6/8/2019,Mountain 3,286.63,3851
6/8/2019,6/8/2019,Mountain 1,32.32,91
6/8/2019,6/8/2019,Mountain 2,0.00,0
6/8/2019,6/8/2019,Mountain 3,16.46,97
6/9/2019,6/15/2019,Mountain 1,0.00,0
6/9/2019,6/15/2019,Mountain 2,0.00,0
6/9/2019,6/15/2019,Mountain 3,0.00,0
6/10/2019,6/15/2019,Mountain 1,249.12,2346
6/10/2019,6/15/2019,Mountain 2,153.50,1924
6/10/2019,6/15/2019,Mountain 3,275.53,3633
6/11/2019,6/15/2019,Mountain 1,244.89,2440
6/11/2019,6/15/2019,Mountain 2,146.06,1719
6/11/2019,6/15/2019,Mountain 3,275.44,3594
6/12/2019,6/15/2019,Mountain 1,266.33,2515
6/12/2019,6/15/2019,Mountain 2,155.54,1900
6/12/2019,6/15/2019,Mountain 3,287.29,3910
6/13/2019,6/15/2019,Mountain 1,257.13,2514
6/13/2019,6/15/2019,Mountain 2,157.68,2059
6/13/2019,6/15/2019,Mountain 3,313.40,4072
6/14/2019,6/15/2019,Mountain 1,246.72,2399
6/14/2019,6/15/2019,Mountain 2,142.96,1900
6/14/2019,6/15/2019,Mountain 3,319.17,4200
6/15/2019,6/15/2019,Mountain 1,34.20,135
6/15/2019,6/15/2019,Mountain 2,0.00,0
6/15/2019,6/15/2019,Mountain 3,19.04,95
6/16/2019,6/22/2019,Mountain 1,0.00,0
6/16/2019,6/22/2019,Mountain 2,0.00,0
6/16/2019,6/22/2019,Mountain 3,0.00,0
6/17/2019,6/22/2019,Mountain 1,252.24,2347
6/17/2019,6/22/2019,Mountain 2,144.10,1771
6/17/2019,6/22/2019,Mountain 3,288.05,3540
6/18/2019,6/22/2019,Mountain 1,257.21,2511
6/18/2019,6/22/2019,Mountain 2,136.65,1780
6/18/2019,6/22/2019,Mountain 3,256.24,3554
6/19/2019,6/22/2019,Mountain 1,255.77,2574
6/19/2019,6/22/2019,Mountain 2,151.05,2001
6/19/2019,6/22/2019,Mountain 3,297.28,4093
6/20/2019,6/22/2019,Mountain 1,261.17,2546
6/20/2019,6/22/2019,Mountain 2,156.59,2022
6/20/2019,6/22/2019,Mountain 3,311.21,4202
6/21/2019,6/22/2019,Mountain 1,256.49,2469
6/21/2019,6/22/2019,Mountain 2,151.50,1853
6/21/2019,6/22/2019,Mountain 3,300.40,4050
6/22/2019,6/22/2019,Mountain 1,34.95,113
6/22/2019,6/22/2019,Mountain 2,0.00,0
6/22/2019,6/22/2019,Mountain 3,20.85,102
6/23/2019,6/29/2019,Mountain 1,0.00,0
6/23/2019,6/29/2019,Mountain 2,0.00,0
6/23/2019,6/29/2019,Mountain 3,0.00,0
6/24/2019,6/29/2019,Mountain 1,267.30,2555
6/24/2019,6/29/2019,Mountain 2,147.69,1885
6/24/2019,6/29/2019,Mountain 3,281.21,3581
6/25/2019,6/29/2019,Mountain 1,269.35,2641
6/25/2019,6/29/2019,Mountain 2,156.00,1885
6/25/2019,6/29/2019,Mountain 3,276.23,3651
6/26/2019,6/29/2019,Mountain 1,258.30,2534
6/26/2019,6/29/2019,Mountain 2,162.99,2098
6/26/2019,6/29/2019,Mountain 3,295.23,4078
6/27/2019,6/29/2019,Mountain 1,273.78,2626
6/27/2019,6/29/2019,Mountain 2,164.81,2091
6/27/2019,6/29/2019,Mountain 3,328.62,4296
6/28/2019,6/29/2019,Mountain 1,272.74,2552
6/28/2019,6/29/2019,Mountain 2,160.95,2044
6/28/2019,6/29/2019,Mountain 3,321.42,4083
6/29/2019,6/29/2019,Mountain 1,29.96,145
6/29/2019,6/29/2019,Mountain 2,0.00,0
6/29/2019,6/29/2019,Mountain 3,20.15,122
6/30/2019,7/6/2019,Mountain 1,0.00,0
6/30/2019,7/6/2019,Mountain 2,0.00,0
6/30/2019,7/6/2019,Mountain 3,0.00,0
7/1/2019,7/6/2019,Mountain 1,279.35,2525
7/1/2019,7/6/2019,Mountain 2,164.27,1951
7/1/2019,7/6/2019,Mountain 3,298.60,3692
7/2/2019,7/6/2019,Mountain 1,270.66,2659
7/2/2019,7/6/2019,Mountain 2,149.36,1863
7/2/2019,7/6/2019,Mountain 3,292.62,3849
7/3/2019,7/6/2019,Mountain 1,290.16,2917
7/3/2019,7/6/2019,Mountain 2,158.17,2122
7/3/2019,7/6/2019,Mountain 3,311.17,4366
7/4/2019,7/6/2019,Mountain 1,0.00,0
7/4/2019,7/6/2019,Mountain 2,0.00,0
7/4/2019,7/6/2019,Mountain 3,0.00,0
7/5/2019,7/6/2019,Mountain 1,281.67,2807
7/5/2019,7/6/2019,Mountain 2,164.03,2057
7/5/2019,7/6/2019,Mountain 3,311.05,4196
7/6/2019,7/6/2019,Mountain 1,34.33,104
7/6/2019,7/6/2019,Mountain 2,0.00,0
7/6/2019,7/6/2019,Mountain 3,21.47,91
7/7/2019,7/13/2019,Mountain 1,0.00,0
7/7/2019,7/13/2019,Mountain 2,0.00,0
7/7/2019,7/13/2019,Mountain 3,0.00,0
7/8/2019,7/13/2019,Mountain 1,297.98,2976
7/8/2019,7/13/2019,Mountain 2,166.21,2059
7/8/2019,7/13/2019,Mountain 3,321.83,4205
7/9/2019,7/13/2019,Mountain 1,272.76,2720
7/9/2019,7/13/2019,Mountain 2,152.12,2096
7/9/2019,7/13/2019,Mountain 3,294.24,4061
7/10/2019,7/13/2019,Mountain 1,293.34,2978
7/10/2019,7/13/2019,Mountain 2,148.90,2049
7/10/2019,7/13/2019,Mountain 3,313.89,4283
7/11/2019,7/13/2019,Mountain 1,284.66,2987
7/11/2019,7/13/2019,Mountain 2,180.20,2411
7/11/2019,7/13/2019,Mountain 3,355.27,4497
7/12/2019,7/13/2019,Mountain 1,259.38,2614
7/12/2019,7/13/2019,Mountain 2,147.32,2018
7/12/2019,7/13/2019,Mountain 3,309.04,3999
7/13/2019,7/13/2019,Mountain 1,39.22,178
7/13/2019,7/13/2019,Mountain 2,0.00,0
7/13/2019,7/13/2019,Mountain 3,21.34,135
7/14/2019,7/20/2019,Mountain 1,0.00,0
7/14/2019,7/20/2019,Mountain 2,0.00,0
7/14/2019,7/20/2019,Mountain 3,0.00,0
7/15/2019,7/20/2019,Mountain 1,277.91,2725
7/15/2019,7/20/2019,Mountain 2,159.53,1919
7/15/2019,7/20/2019,Mountain 3,312.67,3884
7/16/2019,7/20/2019,Mountain 1,284.34,2724
7/16/2019,7/20/2019,Mountain 2,148.83,2004
7/16/2019,7/20/2019,Mountain 3,283.57,3704
7/17/2019,7/20/2019,Mountain 1,290.69,3014
7/17/2019,7/20/2019,Mountain 2,156.37,2109
7/17/2019,7/20/2019,Mountain 3,321.53,4250
7/18/2019,7/20/2019,Mountain 1,313.04,3087
7/18/2019,7/20/2019,Mountain 2,154.03,2200
7/18/2019,7/20/2019,Mountain 3,326.12,4374
7/19/2019,7/20/2019,Mountain 1,301.81,3045
7/19/2019,7/20/2019,Mountain 2,166.17,2318
7/19/2019,7/20/2019,Mountain 3,350.39,4557
7/20/2019,7/20/2019,Mountain 1,17.92,68
7/20/2019,7/20/2019,Mountain 2,16.11,78
7/20/2019,7/20/2019,Mountain 3,20.86,79
7/21/2019,7/27/2019,Mountain 1,0.00,0
7/21/2019,7/27/2019,Mountain 2,0.00,0
7/21/2019,7/27/2019,Mountain 3,0.00,0
7/22/2019,7/27/2019,Mountain 1,321.03,3108
7/22/2019,7/27/2019,Mountain 2,185.12,2326
7/22/2019,7/27/2019,Mountain 3,300.19,4067
7/23/2019,7/27/2019,Mountain 1,293.67,2923
7/23/2019,7/27/2019,Mountain 2,146.39,1944
7/23/2019,7/27/2019,Mountain 3,280.23,3635
7/24/2019,7/27/2019,Mountain 1,286.87,2804
7/24/2019,7/27/2019,Mountain 2,153.96,2129
7/24/2019,7/27/2019,Mountain 3,297.70,4146
7/25/2019,7/27/2019,Mountain 1,312.48,2968
7/25/2019,7/27/2019,Mountain 2,178.07,2189
7/25/2019,7/27/2019,Mountain 3,353.00,4598
7/26/2019,7/27/2019,Mountain 1,300.82,2869
7/26/2019,7/27/2019,Mountain 2,155.08,2091
7/26/2019,7/27/2019,Mountain 3,332.36,4139
7/27/2019,7/27/2019,Mountain 1,26.31,102
7/27/2019,7/27/2019,Mountain 2,11.25,44
7/27/2019,7/27/2019,Mountain 3,6.85,37
7/28/2019,8/3/2019,Mountain 1,0.00,0
7/28/2019,8/3/2019,Mountain 2,0.00,0
7/28/2019,8/3/2019,Mountain 3,0.00,0
7/29/2019,8/3/2019,Mountain 1,288.12,2623
7/29/2019,8/3/2019,Mountain 2,153.75,1889
7/29/2019,8/3/2019,Mountain 3,272.99,3583
7/30/2019,8/3/2019,Mountain 1,282.19,2778
7/30/2019,8/3/2019,Mountain 2,149.44,1966
7/30/2019,8/3/2019,Mountain 3,272.24,3578
7/31/2019,8/3/2019,Mountain 1,291.07,2789
7/31/2019,8/3/2019,Mountain 2,165.90,2080
7/31/2019,8/3/2019,Mountain 3,311.22,4224
8/1/2019,8/3/2019,Mountain 1,297.71,2835
8/1/2019,8/3/2019,Mountain 2,157.79,2037
8/1/2019,8/3/2019,Mountain 3,300.59,4093
8/2/2019,8/3/2019,Mountain 1,270.90,2554
8/2/2019,8/3/2019,Mountain 2,159.88,2018
8/2/2019,8/3/2019,Mountain 3,279.20,3814
8/3/2019,8/3/2019,Mountain 1,25.49,82
8/3/2019,8/3/2019,Mountain 2,21.81,66
8/3/2019,8/3/2019,Mountain 3,30.63,133
8/4/2019,8/10/2019,Mountain 1,0.00,0
8/4/2019,8/10/2019,Mountain 2,0.00,0
8/4/2019,8/10/2019,Mountain 3,0.00,0
8/5/2019,8/10/2019,Mountain 1,278.34,2645
8/5/2019,8/10/2019,Mountain 2,152.94,1885
8/5/2019,8/10/2019,Mountain 3,265.87,3439
8/6/2019,8/10/2019,Mountain 1,276.99,2765
8/6/2019,8/10/2019,Mountain 2,155.21,2033
8/6/2019,8/10/2019,Mountain 3,267.71,3626
8/7/2019,8/10/2019,Mountain 1,278.07,2768
8/7/2019,8/10/2019,Mountain 2,158.83,2109
8/7/2019,8/10/2019,Mountain 3,282.46,4041
8/8/2019,8/10/2019,Mountain 1,288.62,2894
8/8/2019,8/10/2019,Mountain 2,177.59,2347
8/8/2019,8/10/2019,Mountain 3,331.28,4589
8/9/2019,8/10/2019,Mountain 1,261.05,2475
8/9/2019,8/10/2019,Mountain 2,151.08,2020
8/9/2019,8/10/2019,Mountain 3,288.65,3855
8/10/2019,8/10/2019,Mountain 1,15.06,60
8/10/2019,8/10/2019,Mountain 2,22.09,47
8/10/2019,8/10/2019,Mountain 3,0.00,0
8/11/2019,8/17/2019,Mountain 1,0.00,0
8/11/2019,8/17/2019,Mountain 2,0.00,0
8/11/2019,8/17/2019,Mountain 3,0.00,0
8/12/2019,8/17/2019,Mountain 1,282.82,2695
8/12/2019,8/17/2019,Mountain 2,145.20,1910
8/12/2019,8/17/2019,Mountain 3,271.86,3664
8/13/2019,8/17/2019,Mountain 1,283.09,2785
8/13/2019,8/17/2019,Mountain 2,153.95,1996
8/13/2019,8/17/2019,Mountain 3,271.88,3676
8/14/2019,8/17/2019,Mountain 1,278.58,2744
8/14/2019,8/17/2019,Mountain 2,161.49,2157
8/14/2019,8/17/2019,Mountain 3,320.72,4482
8/15/2019,8/17/2019,Mountain 1,274.64,2787
8/15/2019,8/17/2019,Mountain 2,151.12,2122
8/15/2019,8/17/2019,Mountain 3,310.12,4280
8/16/2019,8/17/2019,Mountain 1,260.20,2586
8/16/2019,8/17/2019,Mountain 2,154.59,2040
8/16/2019,8/17/2019,Mountain 3,305.67,4061
8/17/2019,8/17/2019,Mountain 1,15.54,90
8/17/2019,8/17/2019,Mountain 2,28.13,50
8/17/2019,8/17/2019,Mountain 3,23.09,123
8/18/2019,8/24/2019,Mountain 1,0.00,0
8/18/2019,8/24/2019,Mountain 2,0.00,0
8/18/2019,8/24/2019,Mountain 3,0.00,0
8/19/2019,8/24/2019,Mountain 1,264.19,2647
8/19/2019,8/24/2019,Mountain 2,148.85,1999
8/19/2019,8/24/2019,Mountain 3,279.46,3627
8/20/2019,8/24/2019,Mountain 1,264.53,2723
8/20/2019,8/24/2019,Mountain 2,143.11,1941
8/20/2019,8/24/2019,Mountain 3,260.00,3585
8/21/2019,8/24/2019,Mountain 1,255.95,2638
8/21/2019,8/24/2019,Mountain 2,154.79,2120
8/21/2019,8/24/2019,Mountain 3,298.00,4057
8/22/2019,8/24/2019,Mountain 1,259.80,2663
8/22/2019,8/24/2019,Mountain 2,149.89,2140
8/22/2019,8/24/2019,Mountain 3,311.66,4237
8/23/2019,8/24/2019,Mountain 1,254.14,2591
8/23/2019,8/24/2019,Mountain 2,154.98,2052
8/23/2019,8/24/2019,Mountain 3,286.06,3884
8/24/2019,8/24/2019,Mountain 1,21.32,78
8/24/2019,8/24/2019,Mountain 2,17.27,48
8/24/2019,8/24/2019,Mountain 3,15.29,60
8/25/2019,8/31/2019,Mountain 1,0.00,0
8/25/2019,8/31/2019,Mountain 2,0.00,0
8/25/2019,8/31/2019,Mountain 3,0.00,0
8/26/2019,8/31/2019,Mountain 1,270.47,2681
8/26/2019,8/31/2019,Mountain 2,161.17,1994
8/26/2019,8/31/2019,Mountain 3,275.98,3685
8/27/2019,8/31/2019,Mountain 1,270.93,2812
8/27/2019,8/31/2019,Mountain 2,146.34,1998
8/27/2019,8/31/2019,Mountain 3,272.08,3680
8/28/2019,8/31/2019,Mountain 1,282.48,2823
8/28/2019,8/31/2019,Mountain 2,168.20,2255
8/28/2019,8/31/2019,Mountain 3,305.43,4273
8/29/2019,8/31/2019,Mountain 1,285.79,2737
8/29/2019,8/31/2019,Mountain 2,165.15,2202
8/29/2019,8/31/2019,Mountain 3,332.77,4404
8/30/2019,8/31/2019,Mountain 1,274.48,2631
8/30/2019,8/31/2019,Mountain 2,157.45,2029
8/30/2019,8/31/2019,Mountain 3,303.66,4107
8/31/2019,8/31/2019,Mountain 1,31.44,67
8/31/2019,8/31/2019,Mountain 2,10.10,33
8/31/2019,8/31/2019,Mountain 3,21.46,102
9/1/2019,9/7/2019,Mountain 1,0.00,0
9/1/2019,9/7/2019,Mountain 2,0.00,0
9/1/2019,9/7/2019,Mountain 3,0.00,0
9/2/2019,9/7/2019,Mountain 1,0.00,0
9/2/2019,9/7/2019,Mountain 2,0.00,0
9/2/2019,9/7/2019,Mountain 3,0.00,0
9/3/2019,9/7/2019,Mountain 1,260.94,2490
9/3/2019,9/7/2019,Mountain 2,139.37,1728
9/3/2019,9/7/2019,Mountain 3,269.07,3323
9/4/2019,9/7/2019,Mountain 1,286.37,2943
9/4/2019,9/7/2019,Mountain 2,155.36,2114
9/4/2019,9/7/2019,Mountain 3,268.18,3606
9/5/2019,9/7/2019,Mountain 1,285.22,3004
9/5/2019,9/7/2019,Mountain 2,166.13,2294
9/5/2019,9/7/2019,Mountain 3,312.15,4316
9/6/2019,9/7/2019,Mountain 1,283.77,2866
9/6/2019,9/7/2019,Mountain 2,181.89,2206
9/6/2019,9/7/2019,Mountain 3,329.40,4539
9/7/2019,9/7/2019,Mountain 1,18.59,48
9/7/2019,9/7/2019,Mountain 2,15.54,51
9/7/2019,9/7/2019,Mountain 3,16.85,71
9/8/2019,9/14/2019,Mountain 1,0.00,0
9/8/2019,9/14/2019,Mountain 2,0.00,0
9/8/2019,9/14/2019,Mountain 3,0.00,0
9/9/2019,9/14/2019,Mountain 1,286.03,2853
9/9/2019,9/14/2019,Mountain 2,161.00,2105
9/9/2019,9/14/2019,Mountain 3,302.32,3912
9/10/2019,9/14/2019,Mountain 1,264.30,2718
9/10/2019,9/14/2019,Mountain 2,156.97,2005
9/10/2019,9/14/2019,Mountain 3,268.27,3712
9/11/2019,9/14/2019,Mountain 1,265.28,2655
9/11/2019,9/14/2019,Mountain 2,162.62,2130
9/11/2019,9/14/2019,Mountain 3,311.88,4164
9/12/2019,9/14/2019,Mountain 1,273.94,2664
9/12/2019,9/14/2019,Mountain 2,156.35,2061
9/12/2019,9/14/2019,Mountain 3,304.29,4103
9/13/2019,9/14/2019,Mountain 1,254.23,2502
9/13/2019,9/14/2019,Mountain 2,146.22,1829
9/13/2019,9/14/2019,Mountain 3,279.64,3459
9/14/2019,9/14/2019,Mountain 1,20.57,52
9/14/2019,9/14/2019,Mountain 2,14.55,38
9/14/2019,9/14/2019,Mountain 3,6.55,30
9/15/2019,9/21/2019,Mountain 1,0.00,0
9/15/2019,9/21/2019,Mountain 2,0.00,0
9/15/2019,9/21/2019,Mountain 3,0.00,0
9/16/2019,9/21/2019,Mountain 1,266.28,2561
9/16/2019,9/21/2019,Mountain 2,146.72,1830
9/16/2019,9/21/2019,Mountain 3,271.23,3630
9/17/2019,9/21/2019,Mountain 1,251.62,2531
9/17/2019,9/21/2019,Mountain 2,136.76,1642
9/17/2019,9/21/2019,Mountain 3,236.70,3088
9/18/2019,9/21/2019,Mountain 1,253.99,2492
9/18/2019,9/21/2019,Mountain 2,142.75,1874
9/18/2019,9/21/2019,Mountain 3,265.01,3614
9/19/2019,9/21/2019,Mountain 1,280.69,2612
9/19/2019,9/21/2019,Mountain 2,162.53,1960
9/19/2019,9/21/2019,Mountain 3,289.92,3825
9/20/2019,9/21/2019,Mountain 1,249.70,2386
9/20/2019,9/21/2019,Mountain 2,135.33,1815
9/20/2019,9/21/2019,Mountain 3,262.18,3466
9/21/2019,9/21/2019,Mountain 1,19.98,62
9/21/2019,9/21/2019,Mountain 2,16.12,43
9/21/2019,9/21/2019,Mountain 3,20.57,79
9/22/2019,9/28/2019,Mountain 1,0.00,0
9/22/2019,9/28/2019,Mountain 2,0.00,0
9/22/2019,9/28/2019,Mountain 3,0.00,0
9/23/2019,9/28/2019,Mountain 1,250.21,2416
9/23/2019,9/28/2019,Mountain 2,144.19,1801
9/23/2019,9/28/2019,Mountain 3,245.33,3323
9/24/2019,9/28/2019,Mountain 1,253.62,2548
9/24/2019,9/28/2019,Mountain 2,139.99,1793
9/24/2019,9/28/2019,Mountain 3,230.18,3194
9/25/2019,9/28/2019,Mountain 1,260.51,2570
9/25/2019,9/28/2019,Mountain 2,145.52,1900
9/25/2019,9/28/2019,Mountain 3,249.62,3596
9/26/2019,9/28/2019,Mountain 1,254.32,2459
9/26/2019,9/28/2019,Mountain 2,136.79,1927
9/26/2019,9/28/2019,Mountain 3,275.47,3780
9/27/2019,9/28/2019,Mountain 1,247.66,2364
9/27/2019,9/28/2019,Mountain 2,137.04,1807
9/27/2019,9/28/2019,Mountain 3,244.76,3442
9/28/2019,9/28/2019,Mountain 1,19.24,58
9/28/2019,9/28/2019,Mountain 2,16.19,36
9/28/2019,9/28/2019,Mountain 3,19.78,72
9/29/2019,10/5/2019,Mountain 1,0.00,0
9/29/2019,10/5/2019,Mountain 2,0.00,0
9/29/2019,10/5/2019,Mountain 3,0.00,0
9/30/2019,10/5/2019,Mountain 1,265.82,2500
9/30/2019,10/5/2019,Mountain 2,143.10,1814
9/30/2019,10/5/2019,Mountain 3,246.48,3226
10/1/2019,10/5/2019,Mountain 1,251.91,2378
10/1/2019,10/5/2019,Mountain 2,142.15,1785
10/1/2019,10/5/2019,Mountain 3,223.64,3130
10/2/2019,10/5/2019,Mountain 1,250.78,2427
10/2/2019,10/5/2019,Mountain 2,143.59,1837
10/2/2019,10/5/2019,Mountain 3,254.31,3569
10/3/2019,10/5/2019,Mountain 1,265.87,2491
10/3/2019,10/5/2019,Mountain 2,153.80,1919
10/3/2019,10/5/2019,Mountain 3,256.21,3600
10/4/2019,10/5/2019,Mountain 1,258.65,2399
10/4/2019,10/5/2019,Mountain 2,143.36,1870
10/4/2019,10/5/2019,Mountain 3,251.80,3636
10/5/2019,10/5/2019,Mountain 1,18.64,55
10/5/2019,10/5/2019,Mountain 2,16.94,35
10/5/2019,10/5/2019,Mountain 3,15.99,68
10/6/2019,10/12/2019,Mountain 1,0.00,0
10/6/2019,10/12/2019,Mountain 2,0.00,0
10/6/2019,10/12/2019,Mountain 3,0.00,0
10/7/2019,10/12/2019,Mountain 1,261.90,2466
10/7/2019,10/12/2019,Mountain 2,136.10,1726
10/7/2019,10/12/2019,Mountain 3,246.97,3186
10/8/2019,10/12/2019,Mountain 1,271.72,2640
10/8/2019,10/12/2019,Mountain 2,138.18,1799
10/8/2019,10/12/2019,Mountain 3,232.09,3160
10/9/2019,10/12/2019,Mountain 1,253.72,2416
10/9/2019,10/12/2019,Mountain 2,138.86,1832
10/9/2019,10/12/2019,Mountain 3,256.53,3581
10/10/2019,10/12/2019,Mountain 1,275.62,2455
10/10/2019,10/12/2019,Mountain 2,149.49,1886
10/10/2019,10/12/2019,Mountain 3,266.97,3630
10/11/2019,10/12/2019,Mountain 1,249.52,2264
10/11/2019,10/12/2019,Mountain 2,133.61,1675
10/11/2019,10/12/2019,Mountain 3,255.21,3452
10/12/2019,10/12/2019,Mountain 1,20.00,63
10/12/2019,10/12/2019,Mountain 2,18.50,44
10/12/2019,10/12/2019,Mountain 3,16.94,68
10/13/2019,10/19/2019,Mountain 1,0.00,0
10/13/2019,10/19/2019,Mountain 2,0.00,0
10/13/2019,10/19/2019,Mountain 3,0.00,0
10/14/2019,10/19/2019,Mountain 1,276.09,2663
10/14/2019,10/19/2019,Mountain 2,141.01,1918
10/14/2019,10/19/2019,Mountain 3,262.00,3600
10/15/2019,10/19/2019,Mountain 1,268.43,2660
10/15/2019,10/19/2019,Mountain 2,134.92,1740
10/15/2019,10/19/2019,Mountain 3,236.90,3245
10/16/2019,10/19/2019,Mountain 1,256.99,2608
10/16/2019,10/19/2019,Mountain 2,146.83,1874
10/16/2019,10/19/2019,Mountain 3,258.38,3681
10/17/2019,10/19/2019,Mountain 1,263.59,2513
10/17/2019,10/19/2019,Mountain 2,142.58,1852
10/17/2019,10/19/2019,Mountain 3,257.64,3509
10/18/2019,10/19/2019,Mountain 1,267.34,2460
10/18/2019,10/19/2019,Mountain 2,143.87,1788
10/18/2019,10/19/2019,Mountain 3,244.66,3380
10/19/2019,10/19/2019,Mountain 1,21.14,76
10/19/2019,10/19/2019,Mountain 2,18.66,28
10/19/2019,10/19/2019,Mountain 3,19.68,57
10/20/2019,10/26/2019,Mountain 1,0.00,0
10/20/2019,10/26/2019,Mountain 2,0.00,0
10/20/2019,10/26/2019,Mountain 3,0.00,0
10/21/2019,10/26/2019,Mountain 1,279.26,2490
10/21/2019,10/26/2019,Mountain 2,149.03,1747
10/21/2019,10/26/2019,Mountain 3,258.15,3352
10/22/2019,10/26/2019,Mountain 1,281.53,2664
10/22/2019,10/26/2019,Mountain 2,133.50,1816
10/22/2019,10/26/2019,Mountain 3,247.17,3259
10/23/2019,10/26/2019,Mountain 1,287.83,2739
10/23/2019,10/26/2019,Mountain 2,144.01,2000
10/23/2019,10/26/2019,Mountain 3,270.70,3945
10/24/2019,10/26/2019,Mountain 1,316.30,2650
10/24/2019,10/26/2019,Mountain 2,137.15,1808
10/24/2019,10/26/2019,Mountain 3,279.98,3494
10/25/2019,10/26/2019,Mountain 1,283.05,2594
10/25/2019,10/26/2019,Mountain 2,164.40,2110
10/25/2019,10/26/2019,Mountain 3,280.98,3767
10/26/2019,10/26/2019,Mountain 1,19.10,46
10/26/2019,10/26/2019,Mountain 2,21.29,31
10/26/2019,10/26/2019,Mountain 3,13.63,49
10/27/2019,11/2/2019,Mountain 1,0.00,0
10/27/2019,11/2/2019,Mountain 2,0.00,0
10/27/2019,11/2/2019,Mountain 3,0.00,0
10/28/2019,11/2/2019,Mountain 1,296.20,2500
10/28/2019,11/2/2019,Mountain 2,149.57,1955
10/28/2019,11/2/2019,Mountain 3,256.60,3200
10/29/2019,11/2/2019,Mountain 1,297.03,2575
10/29/2019,11/2/2019,Mountain 2,132.26,1732
10/29/2019,11/2/2019,Mountain 3,254.82,3099
10/30/2019,11/2/2019,Mountain 1,308.36,2600
10/30/2019,11/2/2019,Mountain 2,180.58,2014
10/30/2019,11/2/2019,Mountain 3,311.26,3724
10/31/2019,11/2/2019,Mountain 1,322.54,2736
10/31/2019,11/2/2019,Mountain 2,182.58,2142
10/31/2019,11/2/2019,Mountain 3,288.58,3791
11/1/2019,11/2/2019,Mountain 1,300.03,2571
11/1/2019,11/2/2019,Mountain 2,155.23,1966
11/1/2019,11/2/2019,Mountain 3,288.25,3748
11/2/2019,11/2/2019,Mountain 1,27.33,92
11/2/2019,11/2/2019,Mountain 2,19.99,47
11/2/2019,11/2/2019,Mountain 3,22.31,86
11/3/2019,11/9/2019,Mountain 1,0.00,0
11/3/2019,11/9/2019,Mountain 2,0.00,0
11/3/2019,11/9/2019,Mountain 3,0.00,0
11/4/2019,11/9/2019,Mountain 1,276.30,2511
11/4/2019,11/9/2019,Mountain 2,149.43,1845
11/4/2019,11/9/2019,Mountain 3,264.38,3283
11/5/2019,11/9/2019,Mountain 1,271.30,2645
11/5/2019,11/9/2019,Mountain 2,157.89,1886
11/5/2019,11/9/2019,Mountain 3,278.38,3424
11/6/2019,11/9/2019,Mountain 1,285.89,2717
11/6/2019,11/9/2019,Mountain 2,167.74,2106
11/6/2019,11/9/2019,Mountain 3,273.31,3670
11/7/2019,11/9/2019,Mountain 1,275.90,2531
11/7/2019,11/9/2019,Mountain 2,163.12,1983
11/7/2019,11/9/2019,Mountain 3,268.86,3505
11/8/2019,11/9/2019,Mountain 1,261.52,2525
11/8/2019,11/9/2019,Mountain 2,167.46,1972
11/8/2019,11/9/2019,Mountain 3,279.45,3696
11/9/2019,11/9/2019,Mountain 1,25.75,80
11/9/2019,11/9/2019,Mountain 2,16.36,50
11/9/2019,11/9/2019,Mountain 3,18.21,64
11/10/2019,11/16/2019,Mountain 1,0.00,0
11/10/2019,11/16/2019,Mountain 2,0.00,0
11/10/2019,11/16/2019,Mountain 3,0.00,0
11/11/2019,11/16/2019,Mountain 1,271.75,2547
11/11/2019,11/16/2019,Mountain 2,164.46,1994
11/11/2019,11/16/2019,Mountain 3,261.98,3489
11/12/2019,11/16/2019,Mountain 1,274.19,2758
11/12/2019,11/16/2019,Mountain 2,163.27,1966
11/12/2019,11/16/2019,Mountain 3,250.32,3224
11/13/2019,11/16/2019,Mountain 1,263.13,2604
11/13/2019,11/16/2019,Mountain 2,164.34,2054
11/13/2019,11/16/2019,Mountain 3,264.49,3757
11/14/2019,11/16/2019,Mountain 1,263.39,2534
11/14/2019,11/16/2019,Mountain 2,156.23,2002
11/14/2019,11/16/2019,Mountain 3,269.81,3695
11/15/2019,11/16/2019,Mountain 1,286.84,2771
11/15/2019,11/16/2019,Mountain 2,174.43,2051
11/15/2019,11/16/2019,Mountain 3,311.50,3911
11/16/2019,11/16/2019,Mountain 1,25.05,72
11/16/2019,11/16/2019,Mountain 2,17.70,51
11/16/2019,11/16/2019,Mountain 3,20.51,72
11/17/2019,11/23/2019,Mountain 1,0.00,0
11/17/2019,11/23/2019,Mountain 2,0.00,0
11/17/2019,11/23/2019,Mountain 3,0.00,0
11/18/2019,11/23/2019,Mountain 1,284.87,2684
11/18/2019,11/23/2019,Mountain 2,177.09,2005
11/18/2019,11/23/2019,Mountain 3,283.64,3548
11/19/2019,11/23/2019,Mountain 1,298.39,2913
11/19/2019,11/23/2019,Mountain 2,156.28,1967
11/19/2019,11/23/2019,Mountain 3,263.78,3423
11/20/2019,11/23/2019,Mountain 1,301.51,2824
11/20/2019,11/23/2019,Mountain 2,173.51,2173
11/20/2019,11/23/2019,Mountain 3,289.46,3884
11/21/2019,11/23/2019,Mountain 1,295.43,2768
11/21/2019,11/23/2019,Mountain 2,165.26,1996
11/21/2019,11/23/2019,Mountain 3,288.28,3742
11/22/2019,11/23/2019,Mountain 1,301.55,2560
11/22/2019,11/23/2019,Mountain 2,212.25,2176
11/22/2019,11/23/2019,Mountain 3,318.91,3961
11/23/2019,11/23/2019,Mountain 1,34.51,113
11/23/2019,11/23/2019,Mountain 2,0.00,0
11/23/2019,11/23/2019,Mountain 3,20.27,76
11/24/2019,11/30/2019,Mountain 1,0.00,0
11/24/2019,11/30/2019,Mountain 2,0.00,0
11/24/2019,11/30/2019,Mountain 3,0.00,0
11/25/2019,11/30/2019,Mountain 1,330.73,3154
11/25/2019,11/30/2019,Mountain 2,213.47,2261
11/25/2019,11/30/2019,Mountain 3,291.72,3609
11/26/2019,11/30/2019,Mountain 1,286.23,2574
11/26/2019,11/30/2019,Mountain 2,173.07,1517
11/26/2019,11/30/2019,Mountain 3,281.99,3284
11/27/2019,11/30/2019,Mountain 1,299.10,2626
11/27/2019,11/30/2019,Mountain 2,222.48,2424
11/27/2019,11/30/2019,Mountain 3,302.68,3516
11/28/2019,11/30/2019,Mountain 1,0.00,0
11/28/2019,11/30/2019,Mountain 2,0.00,0
11/28/2019,11/30/2019,Mountain 3,0.00,0
11/29/2019,11/30/2019,Mountain 1,305.98,2794
11/29/2019,11/30/2019,Mountain 2,203.60,1958
11/29/2019,11/30/2019,Mountain 3,355.34,4364
11/30/2019,11/30/2019,Mountain 1,143.13,1056
11/30/2019,11/30/2019,Mountain 2,25.64,67
11/30/2019,11/30/2019,Mountain 3,32.36,95
12/1/2019,12/7/2019,Mountain 1,0.00,0
12/1/2019,12/7/2019,Mountain 2,0.00,0
12/1/2019,12/7/2019,Mountain 3,0.00,0
12/2/2019,12/7/2019,Mountain 1,375.47,3449
12/2/2019,12/7/2019,Mountain 2,285.29,2705
12/2/2019,12/7/2019,Mountain 3,438.44,5154
12/3/2019,12/7/2019,Mountain 1,392.23,3912
12/3/2019,12/7/2019,Mountain 2,275.83,3087
12/3/2019,12/7/2019,Mountain 3,385.73,4839
12/4/2019,12/7/2019,Mountain 1,359.60,3424
12/4/2019,12/7/2019,Mountain 2,228.91,2668
12/4/2019,12/7/2019,Mountain 3,457.92,5719
12/5/2019,12/7/2019,Mountain 1,357.40,3324
12/5/2019,12/7/2019,Mountain 2,271.85,3081
12/5/2019,12/7/2019,Mountain 3,433.17,5574
12/6/2019,12/7/2019,Mountain 1,358.14,3482
12/6/2019,12/7/2019,Mountain 2,251.72,2943
12/6/2019,12/7/2019,Mountain 3,458.89,5921
12/7/2019,12/7/2019,Mountain 1,28.89,58
12/7/2019,12/7/2019,Mountain 2,19.36,34
12/7/2019,12/7/2019,Mountain 3,16.45,57
12/8/2019,12/14/2019,Mountain 1,0.00,0
12/8/2019,12/14/2019,Mountain 2,0.00,0
12/8/2019,12/14/2019,Mountain 3,0.00,0
12/9/2019,12/14/2019,Mountain 1,475.66,4286
12/9/2019,12/14/2019,Mountain 2,287.30,3211
12/9/2019,12/14/2019,Mountain 3,528.48,6483
12/10/2019,12/14/2019,Mountain 1,450.35,4319
12/10/2019,12/14/2019,Mountain 2,301.07,3695
12/10/2019,12/14/2019,Mountain 3,429.60,5523
12/11/2019,12/14/2019,Mountain 1,423.30,3859
12/11/2019,12/14/2019,Mountain 2,250.49,3119
12/11/2019,12/14/2019,Mountain 3,471.13,6075
12/12/2019,12/14/2019,Mountain 1,383.49,3655
12/12/2019,12/14/2019,Mountain 2,288.91,3271
12/12/2019,12/14/2019,Mountain 3,490.25,6344
12/13/2019,12/14/2019,Mountain 1,404.17,3713
12/13/2019,12/14/2019,Mountain 2,300.19,3225
12/13/2019,12/14/2019,Mountain 3,417.15,5413
12/14/2019,12/14/2019,Mountain 1,38.33,113
12/14/2019,12/14/2019,Mountain 2,111.22,1013
12/14/2019,12/14/2019,Mountain 3,195.87,2190
12/15/2019,12/21/2019,Mountain 1,0.00,0
12/15/2019,12/21/2019,Mountain 2,0.00,0
12/15/2019,12/21/2019,Mountain 3,0.00,0
12/16/2019,12/21/2019,Mountain 1,433.63,4136
12/16/2019,12/21/2019,Mountain 2,293.37,3403
12/16/2019,12/21/2019,Mountain 3,504.01,6268
12/17/2019,12/21/2019,Mountain 1,441.05,4252
12/17/2019,12/21/2019,Mountain 2,255.42,3059
12/17/2019,12/21/2019,Mountain 3,397.04,5066
12/18/2019,12/21/2019,Mountain 1,365.09,3583
12/18/2019,12/21/2019,Mountain 2,280.75,3425
12/18/2019,12/21/2019,Mountain 3,399.05,6070
12/19/2019,12/21/2019,Mountain 1,395.99,4053
12/19/2019,12/21/2019,Mountain 2,316.02,3639
12/19/2019,12/21/2019,Mountain 3,496.04,6766
12/20/2019,12/21/2019,Mountain 1,428.90,4477
12/20/2019,12/21/2019,Mountain 2,340.15,3967
12/20/2019,12/21/2019,Mountain 3,507.48,7096
12/21/2019,12/21/2019,Mountain 1,40.52,100
12/21/2019,12/21/2019,Mountain 2,28.00,328
12/21/2019,12/21/2019,Mountain 3,211.68,1830
12/22/2019,12/28/2019,Mountain 1,0.00,0
12/22/2019,12/28/2019,Mountain 2,0.00,0
12/22/2019,12/28/2019,Mountain 3,0.00,0
12/23/2019,12/28/2019,Mountain 1,505.49,5727
12/23/2019,12/28/2019,Mountain 2,378.24,4509
12/23/2019,12/28/2019,Mountain 3,535.94,7829
12/24/2019,12/28/2019,Mountain 1,394.82,4076
12/24/2019,12/28/2019,Mountain 2,298.72,3799
12/24/2019,12/28/2019,Mountain 3,445.76,6204
12/25/2019,12/28/2019,Mountain 1,0.00,0
12/25/2019,12/28/2019,Mountain 2,0.00,0
12/25/2019,12/28/2019,Mountain 3,0.00,0
12/26/2019,12/28/2019,Mountain 1,158.69,1142
12/26/2019,12/28/2019,Mountain 2,112.78,1194
12/26/2019,12/28/2019,Mountain 3,201.35,2041
12/27/2019,12/28/2019,Mountain 1,325.62,3212
12/27/2019,12/28/2019,Mountain 2,214.48,2529
12/27/2019,12/28/2019,Mountain 3,350.26,4478
12/28/2019,12/28/2019,Mountain 1,39.05,94
12/28/2019,12/28/2019,Mountain 2,21.61,73
12/28/2019,12/28/2019,Mountain 3,26.06,120
12/29/2019,1/4/2020,Mountain 1,0.00,0
12/29/2019,1/4/2020,Mountain 2,0.00,0
12/29/2019,1/4/2020,Mountain 3,0.00,0
12/30/2019,1/4/2020,Mountain 1,376.38,3952
12/30/2019,1/4/2020,Mountain 2,277.09,3109
12/30/2019,1/4/2020,Mountain 3,422.67,5070
12/31/2019,1/4/2020,Mountain 1,165.55,1346
12/31/2019,1/4/2020,Mountain 2,123.49,1080
12/31/2019,1/4/2020,Mountain 3,167.75,1588
1/1/2020,1/4/2020,Mountain 1,0.00,0
1/1/2020,1/4/2020,Mountain 2,0.00,0
1/1/2020,1/4/2020,Mountain 3,0.00,0
1/2/2020,1/4/2020,Mountain 1,303.38,2794
1/2/2020,1/4/2020,Mountain 2,202.23,2301
1/2/2020,1/4/2020,Mountain 3,318.01,3804
1/3/2020,1/4/2020,Mountain 1,362.35,3742
1/3/2020,1/4/2020,Mountain 2,262.86,2839
1/3/2020,1/4/2020,Mountain 3,382.60,4983
1/4/2020,1/4/2020,Mountain 1,34.37,99
1/4/2020,1/4/2020,Mountain 2,27.41,78
1/4/2020,1/4/2020,Mountain 3,28.36,100
1/5/2020,1/11/2020,Mountain 1,0.00,0
1/5/2020,1/11/2020,Mountain 2,0.00,0
1/5/2020,1/11/2020,Mountain 3,0.00,0
1/6/2020,1/11/2020,Mountain 1,392.37,3851
1/6/2020,1/11/2020,Mountain 2,238.98,3037
1/6/2020,1/11/2020,Mountain 3,417.69,5169
1/7/2020,1/11/2020,Mountain 1,358.96,3579
1/7/2020,1/11/2020,Mountain 2,218.52,2730
1/7/2020,1/11/2020,Mountain 3,339.65,4593
1/8/2020,1/11/2020,Mountain 1,323.94,3239
1/8/2020,1/11/2020,Mountain 2,207.86,2693
1/8/2020,1/11/2020,Mountain 3,362.46,4689
1/9/2020,1/11/2020,Mountain 1,307.50,3040
1/9/2020,1/11/2020,Mountain 2,194.23,2469
1/9/2020,1/11/2020,Mountain 3,325.08,4482
1/10/2020,1/11/2020,Mountain 1,287.36,2782
1/10/2020,1/11/2020,Mountain 2,184.51,2149
1/10/2020,1/11/2020,Mountain 3,309.66,3946
1/11/2020,1/11/2020,Mountain 1,31.07,91
1/11/2020,1/11/2020,Mountain 2,25.60,74
1/11/2020,1/11/2020,Mountain 3,24.33,92
1/12/2020,1/18/2020,Mountain 1,0.00,0
1/12/2020,1/18/2020,Mountain 2,0.00,0
1/12/2020,1/18/2020,Mountain 3,0.00,0
1/13/2020,1/18/2020,Mountain 1,300.85,2911
1/13/2020,1/18/2020,Mountain 2,189.47,2229
1/13/2020,1/18/2020,Mountain 3,288.82,3619
1/14/2020,1/18/2020,Mountain 1,299.70,2874
1/14/2020,1/18/2020,Mountain 2,173.62,2072
1/14/2020,1/18/2020,Mountain 3,275.11,3492
1/15/2020,1/18/2020,Mountain 1,278.88,2727
1/15/2020,1/18/2020,Mountain 2,171.67,2233
1/15/2020,1/18/2020,Mountain 3,276.51,3849
1/16/2020,1/18/2020,Mountain 1,277.96,2727
1/16/2020,1/18/2020,Mountain 2,172.50,2171
1/16/2020,1/18/2020,Mountain 3,278.35,3867
1/17/2020,1/18/2020,Mountain 1,280.36,2563
1/17/2020,1/18/2020,Mountain 2,179.83,2088
1/17/2020,1/18/2020,Mountain 3,264.41,3599
1/18/2020,1/18/2020,Mountain 1,19.35,71
1/18/2020,1/18/2020,Mountain 2,27.23,67
1/18/2020,1/18/2020,Mountain 3,27.26,137
1/19/2020,1/25/2020,Mountain 1,0.00,0
1/19/2020,1/25/2020,Mountain 2,0.00,0
1/19/2020,1/25/2020,Mountain 3,0.00,0
1/20/2020,1/25/2020,Mountain 1,273.35,2808
1/20/2020,1/25/2020,Mountain 2,173.51,2243
1/20/2020,1/25/2020,Mountain 3,289.19,3810
1/21/2020,1/25/2020,Mountain 1,279.61,2746
1/21/2020,1/25/2020,Mountain 2,157.91,1994
1/21/2020,1/25/2020,Mountain 3,254.06,3261
1/22/2020,1/25/2020,Mountain 1,269.74,2648
1/22/2020,1/25/2020,Mountain 2,164.76,2114
1/22/2020,1/25/2020,Mountain 3,289.51,3812
1/23/2020,1/25/2020,Mountain 1,277.68,2668
1/23/2020,1/25/2020,Mountain 2,168.63,2113
1/23/2020,1/25/2020,Mountain 3,294.57,3746
1/24/2020,1/25/2020,Mountain 1,271.27,2542
1/24/2020,1/25/2020,Mountain 2,155.76,1933
1/24/2020,1/25/2020,Mountain 3,277.30,3408
1/25/2020,1/25/2020,Mountain 1,27.44,108
1/25/2020,1/25/2020,Mountain 2,25.52,77
1/25/2020,1/25/2020,Mountain 3,27.76,84
1/26/2020,2/1/2020,Mountain 1,0.00,0
1/26/2020,2/1/2020,Mountain 2,0.00,0
1/26/2020,2/1/2020,Mountain 3,0.00,0
1/27/2020,2/1/2020,Mountain 1,263.07,2591
1/27/2020,2/1/2020,Mountain 2,148.44,2010
1/27/2020,2/1/2020,Mountain 3,255.48,3148
1/28/2020,2/1/2020,Mountain 1,271.64,2691
1/28/2020,2/1/2020,Mountain 2,150.98,2003
1/28/2020,2/1/2020,Mountain 3,246.73,3219
1/29/2020,2/1/2020,Mountain 1,258.27,2575
1/29/2020,2/1/2020,Mountain 2,145.17,1960
1/29/2020,2/1/2020,Mountain 3,264.94,3538
1/30/2020,2/1/2020,Mountain 1,252.62,2445
1/30/2020,2/1/2020,Mountain 2,164.79,2019
1/30/2020,2/1/2020,Mountain 3,256.40,3604
1/31/2020,2/1/2020,Mountain 1,258.99,2501
1/31/2020,2/1/2020,Mountain 2,154.24,1906
1/31/2020,2/1/2020,Mountain 3,258.06,3496
2/1/2020,2/1/2020,Mountain 1,33.01,85
2/1/2020,2/1/2020,Mountain 2,0.00,0
2/1/2020,2/1/2020,Mountain 3,19.20,74
2/2/2020,2/8/2020,Mountain 1,0.00,0
2/2/2020,2/8/2020,Mountain 2,0.00,0
2/2/2020,2/8/2020,Mountain 3,0.00,0
2/3/2020,2/8/2020,Mountain 1,280.90,2684
2/3/2020,2/8/2020,Mountain 2,168.52,2144
2/3/2020,2/8/2020,Mountain 3,255.49,3329
2/4/2020,2/8/2020,Mountain 1,261.42,2430
2/4/2020,2/8/2020,Mountain 2,154.96,1957
2/4/2020,2/8/2020,Mountain 3,225.09,2987
